{"provides":{"OLE::Storage_Lite::PPS::File":{"version":"0.19","file":"lib/OLE/Storage_Lite.pm"},"OLE::Storage_Lite::PPS":{"version":"0.19","file":"lib/OLE/Storage_Lite.pm"},"OLE::Storage_Lite":{"version":"0.19","file":"lib/OLE/Storage_Lite.pm"},"OLE::Storage_Lite::PPS::Dir":{"file":"lib/OLE/Storage_Lite.pm","version":"0.19"},"OLE::Storage_Lite::PPS::Root":{"version":"0.19","file":"lib/OLE/Storage_Lite.pm"}},"pathname":"J/JM/JMCNAMARA/OLE-Storage_Lite-0.19.tar.gz","version":"0.19","name":"OLE::Storage_Lite","target":"OLE::Storage_Lite","dist":"OLE-Storage_Lite-0.19"}