{
   "abstract" : "Meta-Wrapper for reading spreadsheet data",
   "author" : [
      "H.Merijn Brand <h.m.brand@xs4all.nl>"
   ],
   "dynamic_config" : 0,
   "generated_by" : "Author, CPAN::Meta::Converter version 2.133380",
   "license" : [
      "perl_5"
   ],
   "meta-spec" : {
      "url" : "http://search.cpan.org/perldoc?CPAN::Meta::Spec",
      "version" : "2"
   },
   "name" : "Spreadsheet-Read",
   "optional_features" : {
      "opt_csv" : {
         "description" : "Provides parsing of CSV streams",
         "prereqs" : {
            "runtime" : {
               "recommends" : {
                  "Text::CSV" : "1.33",
                  "Text::CSV_PP" : "1.33",
                  "Text::CSV_XS" : "1.26"
               },
               "requires" : {
                  "Text::CSV_XS" : "0.71"
               }
            }
         }
      },
      "opt_excel" : {
         "description" : "Provides parsing of Microsoft Excel files",
         "prereqs" : {
            "runtime" : {
               "recommends" : {
                  "Spreadsheet::ParseExcel" : "0.65"
               },
               "requires" : {
                  "Spreadsheet::ParseExcel" : "0.34",
                  "Spreadsheet::ParseExcel::FmtDefault" : "0"
               }
            }
         }
      },
      "opt_excelx" : {
         "description" : "Provides parsing of Microsoft Excel 2007 files",
         "prereqs" : {
            "runtime" : {
               "recommends" : {
                  "Spreadsheet::ParseXLSX" : "0.27"
               },
               "requires" : {
                  "Spreadsheet::ParseExcel::FmtDefault" : "0",
                  "Spreadsheet::ParseXLSX" : "0.13"
               }
            }
         }
      },
      "opt_oo" : {
         "description" : "Provides parsing of OpenOffice spreadsheets",
         "prereqs" : {
            "runtime" : {
               "requires" : {
                  "Spreadsheet::ReadSXC" : "0.20"
               }
            }
         }
      },
      "opt_tools" : {
         "description" : "Spreadsheet tools",
         "prereqs" : {
            "runtime" : {
               "recommends" : {
                  "Tk" : "804.033",
                  "Tk::NoteBook" : "0",
                  "Tk::TableMatrix::Spreadsheet" : "0"
               }
            }
         }
      }
   },
   "prereqs" : {
      "build" : {
         "requires" : {
            "ExtUtils::MakeMaker" : "0"
         }
      },
      "configure" : {
         "requires" : {
            "ExtUtils::MakeMaker" : "0"
         }
      },
      "runtime" : {
         "recommends" : {
            "Data::Peek" : "0.46",
            "File::Temp" : "0.2304",
            "IO::Scalar" : "0"
         },
         "requires" : {
            "Carp" : "0",
            "Data::Dumper" : "0",
            "Encode" : "0",
            "Exporter" : "0",
            "File::Temp" : "0.22",
            "IO::Scalar" : "0",
            "Test::More" : "0.88",
            "Test::NoWarnings" : "0"
         }
      },
      "test" : {
         "recommends" : {
            "Test::More" : "1.302067"
         },
         "requires" : {
            "Test::Harness" : "0",
            "Test::More" : "0.88",
            "Test::NoWarnings" : "0"
         }
      }
   },
   "provides" : {
      "Spreadsheet::Read" : {
         "file" : "Read.pm",
         "version" : "0.69"
      }
   },
   "release_status" : "stable",
   "resources" : {
      "license" : [
         "http://dev.perl.org/licenses/"
      ],
      "repository" : {
         "type" : "git",
         "url" : "https://github.com/Tux/Spreadsheet-Read",
         "web" : "https://github.com/Tux/Spreadsheet-Read"
      }
   },
   "version" : "0.69"
}
