{"dist":"Spreadsheet-ParseExcel-0.65","pathname":"D/DO/DOUGW/Spreadsheet-ParseExcel-0.65.tar.gz","provides":{"Spreadsheet::ParseExcel::Utility":{"file":"lib/Spreadsheet/ParseExcel/Utility.pm","version":"0.65"},"Spreadsheet::ParseExcel::Dump":{"file":"lib/Spreadsheet/ParseExcel/Dump.pm","version":"0.65"},"Spreadsheet::ParseExcel::SaveParser":{"version":"0.65","file":"lib/Spreadsheet/ParseExcel/SaveParser.pm"},"Spreadsheet::ParseExcel::Cell":{"version":"0.65","file":"lib/Spreadsheet/ParseExcel/Cell.pm"},"Spreadsheet::ParseExcel::FmtUnicode":{"version":"0.65","file":"lib/Spreadsheet/ParseExcel/FmtUnicode.pm"},"Spreadsheet::ParseExcel::SaveParser::Workbook":{"version":"0.65","file":"lib/Spreadsheet/ParseExcel/SaveParser/Workbook.pm"},"Spreadsheet::ParseExcel::FmtDefault":{"file":"lib/Spreadsheet/ParseExcel/FmtDefault.pm","version":"0.65"},"Spreadsheet::ParseExcel::FmtJapan2":{"file":"lib/Spreadsheet/ParseExcel/FmtJapan2.pm","version":"0.65"},"Spreadsheet::ParseExcel::SaveParser::Worksheet":{"version":"0.65","file":"lib/Spreadsheet/ParseExcel/SaveParser/Worksheet.pm"},"Spreadsheet::ParseExcel::Format":{"file":"lib/Spreadsheet/ParseExcel/Format.pm","version":"0.65"},"Spreadsheet::ParseExcel::Worksheet":{"file":"lib/Spreadsheet/ParseExcel/Worksheet.pm","version":"0.65"},"Spreadsheet::ParseExcel::FmtJapan":{"version":"0.65","file":"lib/Spreadsheet/ParseExcel/FmtJapan.pm"},"Spreadsheet::ParseExcel":{"file":"lib/Spreadsheet/ParseExcel.pm","version":"0.65"},"Spreadsheet::ParseExcel::Font":{"version":"0.65","file":"lib/Spreadsheet/ParseExcel/Font.pm"},"Spreadsheet::ParseExcel::Workbook":{"version":"0.65","file":"lib/Spreadsheet/ParseExcel/Workbook.pm"}},"target":"Spreadsheet::ParseExcel","version":"0.65","name":"Spreadsheet::ParseExcel"}