{
   "abstract" : "Perl extension for reading MS Excel 2007 files;",
   "author" : [
      "Dmitry Ovsyanko <do@eludia.ru>",
      "Mike Blackwell <mike.blackwell@rrd.com"
   ],
   "dynamic_config" : 0,
   "generated_by" : "ExtUtils::MakeMaker version 7.04, CPAN::Meta::Converter version 2.150001, CPAN::Meta::Converter version 2.133380",
   "license" : [
      "perl_5"
   ],
   "meta-spec" : {
      "url" : "http://search.cpan.org/perldoc?CPAN::Meta::Spec",
      "version" : "2"
   },
   "name" : "Spreadsheet-XLSX",
   "no_index" : {
      "directory" : [
         "t",
         "inc"
      ]
   },
   "prereqs" : {
      "build" : {
         "requires" : {
            "ExtUtils::MakeMaker" : "0"
         }
      },
      "configure" : {
         "requires" : {
            "ExtUtils::MakeMaker" : "0"
         }
      },
      "runtime" : {
         "requires" : {
            "Archive::Zip" : "1.18",
            "Spreadsheet::ParseExcel" : "0",
            "Test::NoWarnings" : "0"
         }
      }
   },
   "release_status" : "stable",
   "version" : "0.15"
}
