{
   "abstract" : "Perl Implementation of Rivest's MD5 algorithm",
   "author" : [
      "Christian Lackas <delta@lackas.net>"
   ],
   "dynamic_config" : 0,
   "generated_by" : "ExtUtils::MakeMaker version 6.72, CPAN::Meta::Converter version 2.120351, CPAN::Meta::Converter version 2.133380",
   "license" : [
      "unknown"
   ],
   "meta-spec" : {
      "url" : "http://search.cpan.org/perldoc?CPAN::Meta::Spec",
      "version" : "2"
   },
   "name" : "Digest-Perl-MD5",
   "no_index" : {
      "directory" : [
         "t",
         "inc"
      ]
   },
   "prereqs" : {
      "build" : {
         "requires" : {
            "ExtUtils::MakeMaker" : "0"
         }
      },
      "configure" : {
         "requires" : {
            "ExtUtils::MakeMaker" : "0"
         }
      },
      "runtime" : {
         "requires" : {
            "Exporter" : "0"
         }
      }
   },
   "release_status" : "stable",
   "version" : "1.9"
}
