{
    "read_files": "/home/amodupe/workamodupe/DiffSamples/Cat/originalfastq/SRR1334787_1.fastq",
    "expected_format": "SR",
    "compatible_fragment_ratio": 0.9574600772509675,
    "num_compatible_fragments": 1014833,
    "num_assigned_fragments": 1059922,
    "num_consistent_mappings": 1093785,
    "num_inconsistent_mappings": 86317,
    "MSF": 0,
    "OSF": 0,
    "ISF": 0,
    "MSR": 0,
    "OSR": 0,
    "ISR": 0,
    "SF": 86317,
    "SR": 1093785,
    "MU": 0,
    "OU": 0,
    "IU": 0,
    "U": 0
}