{"provides":{"Sort::Key::Register":{"version":"1.30","file":"lib/Sort/Key/Register.pm"},"Sort::Key::Types":{"version":"1.30","file":"lib/Sort/Key/Types.pm"},"Sort::Key::Multi":{"version":"1.30","file":"lib/Sort/Key/Multi.pm"},"Sort::Key":{"file":"lib/Sort/Key.pm","version":"1.33"},"Sort::Key::Maker":{"version":"0.02","file":"lib/Sort/Key/Maker.pm"},"Sort::Key::Natural":{"file":"lib/Sort/Key/Natural.pm","version":"0.04"}},"dist":"Sort-Key-1.33","name":"Sort::Key","pathname":"S/SA/SALVA/Sort-Key-1.33.tar.gz","target":"Sort::Key::Natural","version":"1.33"}